ID,Bench_Method_Nloc,Number_of_no_steady_forks
91f071f1f69bf48297887879cf5e5613552a29bc,loc_low,nsf_zero
fb2459909444ecbdf72e47a11179359e56778dcd,loc_high,nsf_zero
1c51969ca9fc7c1b5a7ac533bfa76899ac30ed88,loc_low,nsf_zero
2b3a09d375526c8e9c7641660de34577306fb84e,loc_low,nsf_low
ca5d32819509b08c929db359c6f8dddad84e62f4,loc_high,nsf_zero
99a981a434c91dca43ce78ae566b963df507783b,loc_low,nsf_zero
08e9f26e3ca1e054c7c50c347c05b306e6129d69,loc_low,nsf_low
2ac4fe37cd482f2fe8c4e3f2128c715c96812857,loc_low,nsf_low
8cb6a001e50e4a2245fc33cc0dbf50cfdd415f7c,loc_low,nsf_low
ad8c2170f7f9d23565dff6afa24a4dd450475034,loc_low,nsf_zero
7cb834ecb44527717be3fadad0f1b099c13efddd,loc_low,nsf_low
354da978c62d7e5c5e1f58a7fc1c9c0f97ad4190,loc_low,nsf_zero
c88d6e728f574dae62e9154cecbf8a2d47d0809f,loc_low,nsf_zero
6c0a48d5e57fa0bc1b932962030bd8de8638f166,loc_high,nsf_low
db1b0e43b204275db440b1da7bb8d08f73d4cce6,loc_low,nsf_low
5b0ef197ea5f9fef23958b19e3ce34193c9b4f35,loc_high,nsf_zero
af4b941d436ad81f5e56ccf2ee08dba47beb8bb3,loc_high,nsf_zero
2ba451e6b9fe1a369519f0cc6259d290fb491295,loc_high,nsf_low
981a374337faf1146b54787be4781f28395f448b,loc_high,nsf_zero
1d52d15c6c6c78a8fd364e1dfbc1285cf6dd3b3f,loc_low,nsf_low
03b296a06e13eaea828525277f2f324ccd99345e,loc_low,nsf_low
6d1dfb7d8060c4c7a7a56ff49e83be74ead4cc2c,loc_low,nsf_low
c29dd32d4d9d23ced06ed1c16e8ee12a9400c581,loc_low,nsf_zero
ec85242268c6e7a5774cb2f3c4a8c817621599ac,loc_low,nsf_low
abb9ff6f47202e1a834e4e0cd25edb434f7abea4,loc_low,nsf_low
eb4327680a75272190a2294f956f11a719cf0da0,loc_high,nsf_low
fc5a965faf24281db01f0108fbcfc71f52c0450f,loc_high,nsf_zero
ac3adb45b391c92148f62305731af70a358170fe,loc_high,nsf_zero
d5af18b7802101929bcdcabd31cf7b9e038ec3d1,loc_high,nsf_zero
db86de722b3e676624f3e2c3ec6aa82bc5496d40,loc_high,nsf_zero
d47e9e0fddb5f122c3104aecbfb6f6362fe905a4,loc_low,nsf_low
dfada7abeb1e58dc416631beea78f950e8cc9fda,loc_low,nsf_zero
ea9ccccf3e721c93852824bb1343fdd8e1cb8302,loc_low,nsf_zero
9b9d2b5e1af1a906a6f8b77593e071b49a16713f,loc_low,nsf_low
5583f99cb8a3dbe50b20fd6b3d2045c0ac8b528f,loc_low,nsf_low
9b23c0c534d67b491090e49eaa599827da49f2c4,loc_high,nsf_zero
475944b25495bca0382089b7fa2c4178e6dcbdec,loc_high,nsf_zero
7421673b478dca9fef293c4e2e5f94698cb7f3c3,loc_low,nsf_zero
7ef378ae8f198ac98f0605466edc2fb6f10d419f,loc_high,nsf_low
501984bccf6d18c5b2abf11ea14de9e2d53a82cf,loc_high,nsf_zero
617cf92c2908b5ca760fd4a7e16f47086ccda0c2,loc_low,nsf_zero
75c888e42afa2016ad8e20d8846456594344f37f,loc_high,nsf_zero
cef7377807ec24fa409585a8797e0470a1e6641d,loc_low,nsf_zero
c62793773dcc94387f75e4eed89fec366c3848f1,loc_low,nsf_low
73eb3e118c48237e837d8d689ae686a0dfc277d2,loc_high,nsf_zero
88d2616870e2eace276ecb0a463629173fd3d12a,loc_low,nsf_zero
e2dd7f40b4ea79d7b26edc3f33a70adaa8353609,loc_low,nsf_zero
f76a9fabfdea1a2786fbfd859b55c851c28c46a7,loc_low,nsf_low
e0c71781aa0a2397019998d370c6e933baa7102a,loc_high,nsf_low
d76e0394907634ec9437d11db273837977806291,loc_high,nsf_high
024530768c00969e9c46ed2031f9e8e0b1adb87e,loc_low,nsf_low
beca093a8cb4e5cd439a18cf2c69fd09ae8d3efc,loc_high,nsf_zero
c85f489c551b76027aba133a4ee56fb81fc786a6,loc_low,nsf_low
f4e67747b0b751e84e2725d8efdfe6af38633ed2,loc_low,nsf_low
84ff6a16b8c4a2127bef0572a517dfe7fc36dd29,loc_high,nsf_low
8445a81c295952e86f1b6fbfa1447279f191effd,loc_low,nsf_low
66897156e923869b07686ba5a937d6ca7daf0ac6,loc_high,nsf_low
556ea1b4d2865e5797ff577429a3fac773787d36,loc_high,nsf_low
c2627a41d19c67dac8ff94ec55838d729af1cad0,loc_high,nsf_zero
482400a3a9143618976991791a5ec59be31bdeb8,loc_low,nsf_low
1fcdc8a2745d8ee9b69fd63c62223b7ced3434bd,loc_low,nsf_zero
e5c4cd70c12b054573b898d06293895b30c6ba7f,loc_high,nsf_zero
539dc438e82795068d99c0cbe996e3975c2c5af4,loc_low,nsf_zero
bb7da75c147ae10adcee8419e06b4c207d51072e,loc_low,nsf_zero
e7699e1f783584a2087078f1a918cf06d0df361d,loc_low,nsf_high
d492555af9699caf1477eb7c7d5fac8eb11c674f,loc_low,nsf_low
24fecafba92ed34550eebd89749155a0efd2f33f,loc_high,nsf_zero
a674b31f27c0c01e2f8010ef68641506dcbe02ca,loc_high,nsf_zero
9c5d77697f28328ba30f6317995d67bb5d9bc4b4,loc_low,nsf_zero
1a9bccb7f938c888e42b3e184f85bb4abb08c8ba,loc_low,nsf_zero
43858a28997f1e9a8643f386b7739499fc5397d3,loc_high,nsf_zero
10ca135ce427f80fcb39ec035195a11e7c6903ee,loc_high,nsf_high
9f0a2979a3ed7f69a4ef37fa7e24470556375d98,loc_low,nsf_zero
c0c0d87b0c7a0fd807a34ed96b3f6a1c1e210ac7,loc_low,nsf_low
429e6349aee6b897500552d77ec90a99b27a7ddc,loc_low,nsf_zero
61a0820acd86272d5e6cb1d76b9957b2bb3d1a48,loc_high,nsf_low
9d1aec1cf10200f25216a6ec01ccaefbb07548a4,loc_low,nsf_zero
5e63854d3a2d878d63507e204242cdbd49853b1f,loc_low,nsf_zero
4b4ebee60e6490d7f957243152ee7a5023b4270d,loc_high,nsf_low
f714d72ea7a1f2b23cf92019283e81bb72a13f6b,loc_high,nsf_zero
65bc46bb0349ed8175f9e26ab4f03af02f2bdf35,loc_low,nsf_zero
4253b18da98ca4ccd716eef8b4b71eae15dfefd7,loc_low,nsf_low
c98d2e7467bbb56920796e8dcf5b94be5a6664d9,loc_low,nsf_low
155432a3fede4858ff766e0e72a62a6c98bc0998,loc_high,nsf_zero
466f009be2dea307aec1c9c3747022014b20dd67,loc_high,nsf_low
c8b5c3bd7da32b179a7b59bbe03b20ae8ae2e966,loc_low,nsf_zero
9e8bed53ce66b77e44a7d803e56e8527728c40fc,loc_low,nsf_zero
757f265490964f2fac95a200c677d870c49876e4,loc_low,nsf_low
bdfbc06ac50ed79cd78dfd461e6063daee86567b,loc_low,nsf_low
51ab8608f778ac1c0ce807d9a7374a1e6afe048f,loc_low,nsf_low
3300d8e3ed48cbc2e20ef0843a41d701dfa0ab47,loc_low,nsf_low
c46f910313452919ba62ba1219e5d00283a0877a,loc_low,nsf_low
53f286df82797ac993e358c9b4a14d8ea3ea6d1c,loc_low,nsf_zero
9ceb2daedc805cbf51e65e2fbd7cc1c3f930ac95,loc_low,nsf_low
fca2e962008e904ab7b32ee2efa11ab6752f0aa9,loc_high,nsf_low
3b845ceb909fc29075f912abce65c30fc6d85b35,loc_low,nsf_low
26ef89207908d6749383156157d2b1e134e92b48,loc_low,nsf_low
35b28b0db82fdd2bad03d02facb3acaeddaf7a61,loc_low,nsf_high
76b7322317d935b952fbf081f3e915cd897fd489,loc_high,nsf_zero
06a09b5150bc66be731b08ec497a0a6d013b4efc,loc_low,nsf_high
5e5c755f1c3de925d831f126bf462ee42adca90c,loc_low,nsf_low
f6e64c1e4b9578370cb252417fb0a1138846c685,loc_low,nsf_zero
678427862af742029f9b4daa927b31ddd44a62a0,loc_low,nsf_zero
c385428875b73064af943a639c2e2a80cdf4efa3,loc_high,nsf_zero
90e402ce0a8b57add1549501e468953ffcb1cbb9,loc_low,nsf_zero
fe02499cc06a6745f9324587f870a1bb0be7c118,loc_low,nsf_low
fd94a7d62b284994c158e8136ea8578f6235cfb8,loc_high,nsf_low
1285302166dc3ef5208e1cf0ace8aeac9c08c004,loc_low,nsf_low
5a809a9f5545922bfeb7925efc6f7f5244b484f4,loc_low,nsf_low
10c4d7af524e7375deaa415145089fb77b7d76df,loc_low,nsf_low
2fbda872787ae9a58eee47cbfe2802989ca87087,loc_high,nsf_zero
1fe3c5eb96df161f46dc7e97fb6c3423532f18ec,loc_low,nsf_zero
972743da9db04fc76cca174a3b54e4ea500f5383,loc_low,nsf_zero
af44224b392b016e5b6929638b20149daf1d8d5c,loc_low,nsf_low
881e4b8928f0e734f05f5c0d7227eb98d8d9d77c,loc_low,nsf_zero
b6e3af8f4a18832cb7242d3e26cd0256425cd354,loc_low,nsf_zero
c3900291d92c967c9b777556816693b124bafe9f,loc_low,nsf_low
23d40c80102ef7b72342bab7240597c53299f7dc,loc_low,nsf_zero
6516507109d955b3f9601a3c8985a3c1337c5674,loc_low,nsf_zero
efda106de133a0b55d3f571c3ede706f0cd6e4c6,loc_low,nsf_zero
3302f8c697ec3a1e4a2bb32dc99e0993aae387a2,loc_low,nsf_zero
756b7ba42bc0e584459528e8f6951792097507e6,loc_low,nsf_high
56d6076ce27dd685a46c9625fd4b95a58faf8bac,loc_high,nsf_zero
deb2a307c64ed30df38e1f4202cea9859e9e2c50,loc_low,nsf_zero
4b43365d5d0ee231315934da816d14cbcf2d9f12,loc_high,nsf_low
0a02281e62585a4ac9ae00edc997aee32183f2df,loc_low,nsf_zero
91982fce61d70fdf4322db9aa1a6f3b84dc274b3,loc_high,nsf_zero
9829ab36327dcc31daafc42d40aaada41a282f6f,loc_low,nsf_zero
1908b15edcffd220d6151ff6383d9383f5e706e2,loc_low,nsf_low
cd1084f2540f47ac75a1a5bf6cdb291dbc988d54,loc_high,nsf_low
0503d3acbdd31d6667729f24579fe2c15abc3d96,loc_low,nsf_zero
12327e8a09fb9b59effa313a326a7cb975fb534b,loc_high,nsf_low
c4dfab8441efa20a08dd08fe8a26a8ef20ee3a97,loc_low,nsf_low
3310e50696c17b890545ef920afa3a89be301bbe,loc_high,nsf_low
3bd262b86c35c772e0cfcf165c42eaf46875f1ea,loc_high,nsf_low
f275c8f3684efd4f65a891317471ff1e648bf79e,loc_low,nsf_zero
35b40afd8974d6d5ac101542b63323d91f8d065c,loc_high,nsf_low
7da0c61a0dddd92251949802562a7ed9a44f5d43,loc_high,nsf_zero
4883f2c8a7374a314cb493004148e7996f421a91,loc_low,nsf_zero
42ec001f0c0fbde7641dc9a236a831ed685e4bf1,loc_high,nsf_zero
61e9bf6a5c37a3d55c03b79b7d8e38a2ec89efc3,loc_high,nsf_zero
b97ff96b5dddae68db62abbdcd80d9d6a264f0ec,loc_low,nsf_zero
2e86d0ff4838e7a09b5ec8a7f2aa3ef49924c920,loc_high,nsf_zero
22ea3be4161c269a5caf8b404eb40bc6f8f2f089,loc_low,nsf_low
051152c817c34f00f06c73d7764ce3dd29933fef,loc_low,nsf_low
412158259d7b3627880c066a9333cc2e61ed2c2a,loc_low,nsf_zero
9bc6969b51206293bc2f0b6a646f8367cba7f220,loc_high,nsf_zero
9cd7fafa53d99d277f80e5a61ba24c185f276863,loc_high,nsf_zero
d55e1009901168b018eb0e3ae134259b292038ff,loc_low,nsf_zero
b46fab964168db311c26e1dfb97419b28bf52f91,loc_high,nsf_zero
566703530d29b041efb28bee0df803e9863504b2,loc_low,nsf_low
55f7743e8cacb18364f0c1834b4514ed813203b2,loc_low,nsf_zero
46997b2a6a5ccc0f076f0b04c27c7a75a99cfa73,loc_low,nsf_zero
13be2bb4d5e2490c6993515cf1578d82f28726d5,loc_low,nsf_low
58eb137ffc7b94d8fbad256cef9e4fca715b8ecf,loc_high,nsf_zero
d151a4369d27538a4e5e10e341307ec83d921818,loc_high,nsf_zero
69a1b8ed021fda32065bbaab6ed327dda5b05a87,loc_high,nsf_zero
233a7e59855eb97b301f89e89948407aa4b528d7,loc_low,nsf_low
6aef563af1bffe9115e9b0020ddac501eff066d8,loc_high,nsf_zero
7a1a6a11d9f70dc807a79b04eba5ffb53f903798,loc_low,nsf_low
5ec5689ff336e0639e8fed7dc4d5a2397c6a6137,loc_high,nsf_zero
beeaee3f8c1f8a90989227c167c6f51c52be2637,loc_high,nsf_zero
444719f11fa3ea7582da01217713fb86d70e4369,loc_low,nsf_low
80b939562328f2cd7ffad2fcee68db40b0a33649,loc_high,nsf_low
31862e0b755b5db99a7a126b54f5c53bdbf2cf1b,loc_low,nsf_zero
b693b8689e90c99aecee1860749cfaf80c946b81,loc_high,nsf_zero
d864ba6625c1b2a5dffe25d9847c36e4725c9299,loc_low,nsf_zero
be21c6102825b8564985ad37c96c10d144af602e,loc_low,nsf_zero
837294a0eec36ec43735274d80f5fdc879fea19f,loc_high,nsf_zero
6eb189cc30be90ed3ae9fd145ef491c63eef11e7,loc_low,nsf_zero
55901e770cf09a1ff37c1a0fd9875494822231ce,loc_high,nsf_zero
4fca3cde1cde2889a1f1a654d3ab90aab4f587c3,loc_low,nsf_zero
53a79de7947d8c7d70d6570e903abb298b2dc7e5,loc_low,nsf_zero
90823bda6db8ccdf4774fcbda44e02f78943de58,loc_high,nsf_zero
0d3f7f9765b09a8e8eee7234d970904e574fa905,loc_low,nsf_zero
b92e9c3ecd6a89a26ab620b3caa71276d723d43b,loc_low,nsf_zero
8dc056cb7fad3c51dcdf16042a7bacbd1be6d7d6,loc_low,nsf_zero
4c76e86eba39a06fb68a9ccb54dc6a5c04096a21,loc_low,nsf_low
fec08c5b60772a39aa0233a9617bd0f2e7024a71,loc_low,nsf_zero
6c0090741a73799c20487058250dbe73395fd3fc,loc_high,nsf_zero
275a5cfc7447d9903cda9dda556ba4f2d33e2091,loc_low,nsf_zero
739f16c9faf7f9d8ff46b9035e14e1d31d0268ac,loc_low,nsf_zero
5aa07e076508952f39dddc718d230b58c0dd6497,loc_low,nsf_low
52682b64230727ba5bf456d4882b1dd07f662a97,loc_high,nsf_zero
83399894db4b4add14611660fd490a6071d0cea3,loc_high,nsf_zero
431d82521c21f4cede1ab18ade39f807cdf094a5,loc_high,nsf_low
4f8e99194d13563748c4613bc02cc34b0e88b8bb,loc_high,nsf_zero
89d0e3bdff7191e7b696bff28c92897900c186e0,loc_low,nsf_low
d2a858c53ac2fadb362f010959fb46c7809bc4db,loc_low,nsf_zero
dffc60ffd322c6b8a05f0a8d67e5419240af5baf,loc_low,nsf_low
6360cb483e6b85ec0ed2c90e72abdb68c8568c27,loc_low,nsf_low
234fd38139368eea38cccb04c8f69eee27868447,loc_low,nsf_high
d746c7a6e4a85541419eb56e178774054a19123f,loc_low,nsf_zero
d89f2ce2cbf256f7de05bcedf54fe7ad0240d780,loc_low,nsf_low
244c6ddf0fbad9f23f6cdcc3cff4224a14b06661,loc_low,nsf_zero
d2c05a738332c974b2d9bef95d1c7cc0e4b1333c,loc_high,nsf_zero
a4aac25e428ed5a60dc255d7d32f18defa826159,loc_high,nsf_zero
07be381c3d3174762a9a003f1b3a2a80041158d1,loc_low,nsf_low
8b0b450cded184608eb03b7b37a04e30efd70df2,loc_high,nsf_zero
61a006e21c49bf8e0f0b7712c178b8a602d06f70,loc_low,nsf_low
0507a582221f25f410709a9f417152f6dcb45fab,loc_low,nsf_zero
efd39cba323bf6e8f8c64ab2cdc205c8fbdc9ff6,loc_low,nsf_low
a23f411c7a3f45fec6621e956a56f5397bec3a32,loc_low,nsf_zero
4f0b6f4b259bf6f8ab33397ef7afe6284ef412de,loc_low,nsf_zero
37259addb23ca6be71136b8386830aef0a27620f,loc_high,nsf_zero
165d27853791022172106f617d6b7dfabbd96c99,loc_low,nsf_zero
9a7a78450d74510d1e2a1e9b1d963c19941da6b7,loc_low,nsf_zero
dc18ee6f7d83d055ffcb61c5b6cffd64804575da,loc_low,nsf_low
39d17d9382db7535c744b2a2ab378931852fc5aa,loc_low,nsf_low
bc17a5256533583567be72b9b1e934ee9f58003f,loc_low,nsf_zero
43f7b8555a2169d75a3a3ffb87a656a521e55c79,loc_high,nsf_zero
a9fb338c3be413059c90b336923c8e493732ca9d,loc_high,nsf_zero
fb5320039b51c13b7661c4087a3c3161eb721954,loc_high,nsf_low
312c552cb519dda87bc8ad54854ee576491338e7,loc_high,nsf_zero
c7c5aa4a08f2a1288e31df658832c19e4f5723f9,loc_low,nsf_low
372a4825c23de5c778ab82dca19910f05b47e1b8,loc_low,nsf_zero
dc0710bcc80d8c36b8f14ea0aab1403a8096d3fd,loc_low,nsf_low
f506664f04f61d62257d237f259a008712bcfb63,loc_high,nsf_zero
eddf4a6e3288644311d3058d2108d61776265b61,loc_high,nsf_zero
4208e297499f4f43f0233445254a5b11abc47980,loc_high,nsf_low
e0c4cf3d8713caa04ed281f8901c05133e32e671,loc_high,nsf_low
80c07f1cdce3bb3a67c0a3da4d1525f7a8190812,loc_low,nsf_zero
9b15d03279fc6845916e7962d3672541d8f6577d,loc_high,nsf_low
ec273d543132e9e348bed1be3a135ff5b807535d,loc_low,nsf_zero
29086223b537a808940d08a20279f152a96b6b06,loc_low,nsf_low
0fdcf555c5098960bd4c82768acc13e1b384ab54,loc_low,nsf_zero
3e6dce15ff75d9abf172c74fc82fdeb080722e2b,loc_high,nsf_zero
b6ee224d3415ce80144d59663b1dbdc7637bcef2,loc_high,nsf_zero
49b84cfc3d9341a1de60b07b21678977974f5bcc,loc_high,nsf_zero
ea8c4e63cd4531caa475085a0c4c14e4e4a20c95,loc_low,nsf_low
bedd06146f64c65cb5e2026cf21234624320c1dd,loc_low,nsf_zero
244b0cff477912bd65156744e16b295466d4e439,loc_low,nsf_zero
c1f5a28971a08768e9b18e4c1c018177133cb987,loc_low,nsf_zero
ac08f8f279bad8e4964d38c48056f0b6f2508fa6,loc_low,nsf_zero
bd3d1254bb77afa7cab0c1706e41c9f0f0ac701d,loc_high,nsf_zero
afb1af2b604dc14a92af4f7196258f01c1605b89,loc_high,nsf_high
bd3ee1553fef9a38ae0fda7ed893e45edd2a1aa8,loc_high,nsf_zero
9c170df4068b34c21252176c616269098c504a78,loc_low,nsf_low
638ab446f08767a8d9435e138ba63af7c67abf80,loc_low,nsf_zero
bc0f13674320658a2057017a4f5e1a8766bf2f90,loc_high,nsf_zero
281308a23b16e53337ed4a0e677f14362cf06d6d,loc_high,nsf_zero
c936d26b36691a842377c9aa653eb5bcfd633b9f,loc_high,nsf_low
2c627da5cdb9ba505655dbfe43a08b43fd5e791c,loc_high,nsf_low
d9524f3780f647cd5b2688bb75ac16a4007def81,loc_low,nsf_zero
10dfddfee9b9862a5d6301e7509d28b50ef6c010,loc_low,nsf_low
673eade67ef13742968f150b0ab7b35b816c069d,loc_high,nsf_zero
3447420ea69bd3667ace21db4bf6180eb4d263b6,loc_low,nsf_low
3a190777765481f84f70b88507d6ab050e8af92f,loc_low,nsf_zero
4292af8b0e03231a75b4254266322201c17026fb,loc_high,nsf_zero
e036cf0228e055ec847cbc8672fc7da487dd17b1,loc_low,nsf_zero
d42fc3b78b939c054367ea08b93278824cb31040,loc_low,nsf_zero
aa06d81bd32de3a2d572b346ec81e334b398f77d,loc_low,nsf_high
c8f6fe5868c9a71309d592b8d3c135d42e2321fd,loc_low,nsf_zero
a0cfe79720c9a0e8fa893ff7aee22e18c2994590,loc_low,nsf_zero
ba0db94ea0807c49c4032ef4d03bc1e30a6328bc,loc_low,nsf_zero
09802d80cc0f4f26772441588bf3dde6765708d8,loc_low,nsf_low
a37c6fb99158620a0ee48330b816c68a331ba2a1,loc_low,nsf_high
85063eec6e2ab1f6a0e329b376cf5e096f0814f8,loc_high,nsf_low
36952b48d4d19af06f3268ae99bd32aebbcd4267,loc_low,nsf_zero
82fca8aab47a81dddaaa3846ec99e8f29a90b23e,loc_low,nsf_zero
3bbba4b6ce8f91772927cba364ef12e48882dc87,loc_high,nsf_zero
d8e7be80dfeb8d851c9dd78214ae0594da68bd54,loc_high,nsf_zero
0484f5c7f7fec3fb319e3cab7659be7dceea11d1,loc_low,nsf_zero
bfce7d54463dfdb92a6f1f01fac59137164d3966,loc_high,nsf_high
ca23924d8902ba802a0f975463831ade1bb68ff5,loc_low,nsf_low
1dcbeb0b29fce135b644065e4deec0431bd1c082,loc_low,nsf_low
abb589c8afe3cea87bbc7d9e3f8b6c178d68fde7,loc_low,nsf_zero
0bc3af99ce36bc5bdeb87b4159ccc94e73902e28,loc_high,nsf_zero
740883f21f7bc92a734e3b7a7912863c785b6071,loc_high,nsf_zero
9dbd5e318e538a7d020df8c1fa1c80d15cd5b3de,loc_high,nsf_low
879a1b86164dfdcf12a64ecb21ee9854b67338ab,loc_low,nsf_zero
c8157b0c549d8380aea8f85bbdf793a34f8763b5,loc_high,nsf_zero
e06f328b2d17b68a66c622d7cd1894b780989d32,loc_low,nsf_zero
84008ec38d8a9f0371108ad736fb326c6561667b,loc_low,nsf_zero
075aa9e2470238798ec761e26e94327824cc82bb,loc_low,nsf_zero
d27038d3b31bf0078920cda5a94220c3bcbbbe81,loc_low,nsf_zero
c61ecfcb76923624a65ceb4a5cb7b59a604245a4,loc_low,nsf_low
1133f2762face89470bd092b43224a9064390dbe,loc_high,nsf_low
014c9fdb048c3c5334a86bb295f7dae57bede6ba,loc_low,nsf_high
325cafc72c3a15e1eb7da57e74384311cbadadce,loc_high,nsf_zero
28205aacd00f8862ac0ea6ca8457522fb1cbea76,loc_low,nsf_low
97c0be354b636de0b192fd13e0cb26e73dd56cca,loc_low,nsf_zero
6abe91181d436ace2c3321ee42a4d8a467d40e23,loc_high,nsf_zero
935ca3e745d643cf62be1f183817e6b2383cb335,loc_low,nsf_zero
3086d6b9affb578d42b532d2536ff558d0d92cd4,loc_low,nsf_zero
7b9e49b198cca9bfd61edaaab92862067eb7dfb0,loc_low,nsf_zero
1a4ece3274ed5ce78ebfa1b6ad5d52520b287ce5,loc_low,nsf_low
9aeaef9c93847af2e21e49711272792986f65fd2,loc_high,nsf_zero
4a7bbb0c9488c26cfb5f223f577e95c49fc7fbd4,loc_high,nsf_zero
d5df63f90768360e9b3311dc320610776a902314,loc_low,nsf_zero
1acaa624cf10963cbced847c85427ede045390a5,loc_low,nsf_low
ab06545d4e8efa125559b41652c5e4a281894fcb,loc_high,nsf_zero
d0a4db92c2d04bc420a0de792b88c0bb93e2ecb9,loc_high,nsf_zero
8f0e9d89246863181244d64206625ac231c32ca4,loc_high,nsf_zero
442cfd1398ed29f84f59595ee85ec4856a2ee5ad,loc_low,nsf_low
60f460eec3b5aff95b827b16fb404d9922e3fcfc,loc_low,nsf_low
b78bffe83e86c5d94a5dbf7f2acfac36a918d79c,loc_low,nsf_low
bf3044e916a5ea63caadcdc750e80a35815218c7,loc_low,nsf_zero
ba2662e049262700dc08f9bf0cbcb63f901bf335,loc_low,nsf_low
775aa45d46bb740fbc406a6144578c26419c73f8,loc_high,nsf_zero
e8596d27607d11eb4d52a9a35277614617a641dd,loc_high,nsf_zero
1454391d573cd24e541f873c74bf303307b5037b,loc_high,nsf_zero
b5069049fd86fa6c751420dce05c9d6b11f0f0bf,loc_low,nsf_zero
4e429b4b237887c0aa76abe2fe0e6262fc42e1c2,loc_low,nsf_low
779613f48438a8d3fa6453c87f0eee8614ce5354,loc_low,nsf_zero
31a608fccd934610efd182fbff05f990f7389274,loc_low,nsf_high
f98bcb3018a01b3fe904af44829ab1eb9f507022,loc_low,nsf_zero
112ccb5d60a9e0a5d6cf25058fa044ab75ce6dd3,loc_low,nsf_low
e20e9a7c17230f5d511202310d8df08216456a03,loc_high,nsf_low
eaabdba1777dfcd01435ffbd9a71a4b1bff3b3ec,loc_low,nsf_zero
f7ecf0fc476ec37f4f11ac10e60e52140afe5219,loc_low,nsf_zero
fb04fe5c42c95c6fd0ad5f0b300745c57d791dd3,loc_high,nsf_zero
270ccdddf353135d89ae884079b6a73cca54c059,loc_low,nsf_zero
5a7d4f3ce22bbb2db8c79a4627935fec4575807b,loc_high,nsf_low
3e1dacff650306086ea8438e1ba2a7d1e5389fc1,loc_low,nsf_low
0266953b284d549208afe6bb5a99bd1563912b92,loc_low,nsf_zero
857531c9f8462c71ca48c42520cd87ab750a62b9,loc_low,nsf_low
bce24b0573765ec0aaca6957dbef2f94f139e24c,loc_high,nsf_low
d776acb0f75b582f057a43c10f26f0101f6952f9,loc_low,nsf_low
0018fec81f10b28b63ae0daac257ce39d9a3e7f9,loc_low,nsf_low
bd2ba0213acea99c60cb27ce2912ecd5480a7c2e,loc_low,nsf_zero
3598ccd437b34a591fa796ce6bb3384d8ccfd121,loc_low,nsf_low
ab82fc41c9902419decdbd342820083093afb285,loc_low,nsf_low
845a0af4342543d02b6518d1b17190e8b0e397c9,loc_low,nsf_low
909aff911c616ca626319669c3f7ae77f5cff7e2,loc_low,nsf_zero
edc77a3e3865ce72fefc444c63d00bc12c80a2f9,loc_low,nsf_low
9c9cadc5314a02048a31bb16117c0a522c2b366c,loc_low,nsf_low
019e4b4afd216a9dffaf49bf65ddd87faa0eb0ae,loc_low,nsf_low
314112a4c42005a8b5d249c89bc1175c29aeaa7f,loc_low,nsf_zero
4efe18438a45373a71c1d8c879a9d6a1f59c8c6f,loc_high,nsf_low
0d8738baf99abc1a6ded6a613c86b82620abbcaf,loc_high,nsf_zero
242a89081e8ea048b28d75a086f15c66fdded340,loc_low,nsf_zero
e00ace50fa5240a2a088f3ab3d423aa5e8a7386a,loc_low,nsf_low
c0359a8326158864e095a6b83a10e7ff339d3d93,loc_low,nsf_zero
bb01114cd41f67fafd54e2658deb836c5ffb3a3e,loc_low,nsf_zero
55f194fe9d92f0bc666ea48afad5b4241f70390e,loc_low,nsf_low
0ae7cbe51e012ca7ced7f255a15d8a959d77f590,loc_high,nsf_low
06846c8ce18320ea23a9e213fa512ee38f49f7ff,loc_low,nsf_zero
ae7ffc7063ffad6e6bb2c5587351ef96b35e4c98,loc_high,nsf_high
11aa7fe810b66e0407e59934b3c3e6cf541f2926,loc_high,nsf_low
9abc703abf3977ffa41068dd25d9c5d2d3bea2f1,loc_high,nsf_low
97aa99eba786fba3680a8f1cdd35232662acd3f5,loc_low,nsf_zero
e90fcebe3c4dcab7603896ec05ad0da8127610f5,loc_low,nsf_zero
2d6fd0adbdb9ccb91760705880413b404ca323c1,loc_low,nsf_zero
b9c4a2968c93a35d71a1ce90e6552f8adc65f817,loc_low,nsf_zero
0c1fa4d7d9f17d6707a7c865c491fcbc86294784,loc_low,nsf_zero
544a6d481f501e5fec8cd0f29bf80f0b75f0ae65,loc_low,nsf_zero
b201ff0ce89d76779fd5846f82842b90ed01ba2e,loc_low,nsf_low
4fc2f0bd80a565343a0f11446d4404db15033f79,loc_low,nsf_low
8ce868576b079e7a1f06a448c8677b95e648dc51,loc_low,nsf_low
f6ec3fd23221921561c1b434872623d3ed4a585f,loc_low,nsf_zero
4792e997f8fc72c2ed4492da424cb9b3c8ee2077,loc_low,nsf_low
ffc1df2d3539b3a5249f4f1c949dc348e81417ef,loc_low,nsf_high
5391b482e33590f5d138161dd2a66418a6eee043,loc_low,nsf_zero
a78be913fad06fca8f1c04e0fe0fd351f5ab0071,loc_low,nsf_zero
7865b8e7fb7dcf6e5ff57d1fc1177c362c44f233,loc_high,nsf_zero
e855aa923ca96b2a6f755a16cabfd813ee94f229,loc_low,nsf_zero
ae8547fd3a36aa2eae2b962b9a22b97c99127587,loc_low,nsf_zero
b03657f5c6191be03a09b03ddeae1af6aa71c4ef,loc_low,nsf_zero
1402194cbaf79f398fe36428401a92c77c8b86c6,loc_high,nsf_low
fdd9b91cb64609687f25d662145d20672ad20cf0,loc_low,nsf_low
871f54ec955ce9a2553435b35110206f25701eb1,loc_high,nsf_zero
6d5e7f1f050e0d549bd3726d997cd555bb581f51,loc_low,nsf_low
3ae3f6902f8554ae8fe1a42a146d489cb8836802,loc_low,nsf_zero
c2681e109fd7da176198c2e9c8b4101d237293ff,loc_high,nsf_zero
1df13818a3ed3219a5eb2988bb14c88320abbd34,loc_low,nsf_low
fa9d4b95512955fefaf69232d78d6d649e3ec62e,loc_low,nsf_zero
1125401672acaa01c2ce00e6d1f603e6d3df2f3c,loc_high,nsf_zero
31e7fba928327bb398b36113182dbd7125cd92f6,loc_low,nsf_zero
e158d88e97b5a74170e2887cc6745693c63d342e,loc_high,nsf_zero
865fc677ebca056ee79cc62b6c6007676e8ad2a3,loc_high,nsf_high
95b7e0d5e97b20322b8fae60a9f14c302130555e,loc_low,nsf_zero
e7a19ab52cb9e2db86e64065d24b70ab48c89bdb,loc_high,nsf_zero
6a18d223499f10dbdd3ebe96440f6c54bae31c9a,loc_high,nsf_zero
3033f42c8330aa065cb146c6e7ac30257bb6fba0,loc_low,nsf_zero
c4eeb66af7252a3ca8700c55d51a6b4063536e4f,loc_low,nsf_low
5c4b465f26b92a832794c9c314b07bfb31ba6a51,loc_low,nsf_low
a834cbcd08d442e969350e03b9503831d08be9de,loc_high,nsf_low
2c429c7180c14e6c72f70071114a5b7a0d89a105,loc_low,nsf_zero
5b9882799679c174187952ff86dcfb3ffcdbfdaf,loc_high,nsf_zero
e5ea4ef9d1492a1674947143fd29bedae206c24e,loc_high,nsf_zero
30ea825257cf73928a23ce8431778c88d54ddcfd,loc_low,nsf_zero
89483e1ed86e308a31dc26974581802c21e43001,loc_high,nsf_zero
3566ba602417b2f34c1a818937b5817622bc267a,loc_low,nsf_low
661bb73290fb1113820ce86e0d4c8e086a0a8160,loc_low,nsf_zero
e88ac34b556647980b5eb5d57dab9724ea0dd6f5,loc_low,nsf_zero
265f56fc6c28e732b8b26ea79fe1c5b2c3b539f7,loc_low,nsf_zero
0c5d2fa4ee41fed8656398dae5160712f3eb9b3a,loc_high,nsf_zero
713be33885524de5dd031f1c6abf217ba28aaf0c,loc_low,nsf_zero
68e5aa98dae8449367ec551966d6da2717d4b009,loc_low,nsf_high
346d2e75322c917894777b4025a87ac46421fb3d,loc_low,nsf_zero
4eee99d7a21afc9bcc2162283760f001976203e5,loc_low,nsf_zero
354600e024ae44b91052da2488641f4da2267184,loc_high,nsf_low
d8d5556e53958717832d50ed138e046a396b008b,loc_high,nsf_low
f6f42410749f81911136c611a5a873dae1cdbd4d,loc_high,nsf_zero
41b737eefd5ef851b4f5c6f4634db2b3db11f7e7,loc_high,nsf_zero
8f4e2013e07475f6eda5d5275a04577b89c4d042,loc_high,nsf_zero
29108ea4480cccf82b142df2ed31421cbdc7731b,loc_low,nsf_low
48a7d9da442f9acdf0295080bae76dceaddf2713,loc_low,nsf_zero
7d699a600450728cfdcaf13cd701eedb14e03f0e,loc_high,nsf_low
e4220708713f0fa2f6202371efa8a88c4a9bbc9b,loc_low,nsf_low
e5e9d18e57a24e98b19d7b021667766459c096cb,loc_high,nsf_low
087accbc536667c2e144cc3f9aa637f57f4f3d18,loc_high,nsf_zero
f8000599fda0f007ae211c1e2a2ecff61485a654,loc_low,nsf_zero
34fc8b725fb98a4199b06c4ac1a8ea5266101290,loc_low,nsf_low
7b00b22de66cdbaa6bfffcceaeb5123153fae9b7,loc_high,nsf_low
900f41821c7becc2a7c209015dcb4c3a183310a3,loc_low,nsf_zero
b94f25c99a3d9cabb480691f598d7e3b652cf171,loc_low,nsf_zero
ea955423fba7b1f91ac06dae5056b90f16db14b0,loc_low,nsf_zero
53c13d1f41533cf2545378689225557940b6122a,loc_low,nsf_low
8d587aff1ebf459d5ba5e017de6bb1937a29365c,loc_low,nsf_zero
22e1cb665ee789ba2766aee3b2cb7ebd77043259,loc_high,nsf_zero
c1ab04be17ea304ce7ee71a1914646559c383468,loc_low,nsf_zero
656beeeea75ce02b899fd05971540b395e4c47ef,loc_low,nsf_zero
1112c27ebfe77da058f84677fc9e6360058f7b05,loc_low,nsf_zero
6653731e0962208f8bd7d10c1bc9c8aa21a1580f,loc_low,nsf_low
bf8d23f196a4505c5800fa6d69b4c978b6c36a8b,loc_low,nsf_zero
aa1ff4d42702554248c13506cf0849983b8b654d,loc_high,nsf_zero
9322983824b67d2ecdf5d13fee5dc1cb151094a9,loc_high,nsf_zero
34abec2a7942642b6c20a06b66d945df4cd725de,loc_low,nsf_high
a93b1860853f093a5b80c8da3f582cac848e650f,loc_high,nsf_low
ec3cfbc7223c8cd29d9b19c302581e3bb88bab3e,loc_low,nsf_zero
581cca9816f305b080879d5688139ffb8588101c,loc_low,nsf_high
717c881383c19df041191693f02b70cbdb74d543,loc_low,nsf_low
2842a8174e9e011abe83a458d18353c3c6422012,loc_low,nsf_zero
77be37ade04b5a3f581872c5effaa354d4ce387a,loc_low,nsf_low
89193e1dd97dcb2db499b19831bd7cfeac3b9305,loc_low,nsf_zero
3fb1a2db2d3b93a31f6fcf89ddf68c34584d5f7d,loc_high,nsf_zero
96f535000cbc54d3c65743ed30d0e9b9b8cd66ea,loc_low,nsf_low
32bc24ae38e3efdfa25e4304526675973b361341,loc_low,nsf_zero
357432138eafd3fb83bae71c0bcf8c49e4e1cec9,loc_low,nsf_low
167d6fa111765af384ddb4b1fb32ba73e5d10d19,loc_high,nsf_low
2b1ff1b9a4f1ca16dcea80d88de91430d7c94b8c,loc_low,nsf_zero
8d2a48139421c00be3e5074f29fb778954229e4e,loc_high,nsf_low
297830c5e88725da3ebff7af38a12437fdba789e,loc_low,nsf_low
73508195ae45141bdfd05d6ae1854f521bed3414,loc_high,nsf_low
c7f048884f8a7f6ffb8cd706217ce9418f7394b9,loc_high,nsf_low
cdf373620c9db532c38ea5c240afe7e889ab3fe2,loc_low,nsf_zero
450a632ff7ba84409e18977a6f8e1a9d638229c4,loc_low,nsf_zero
9c54003add7f585594b14068a37724a41f3aa086,loc_low,nsf_low
b9979c29823b2393f95025e332a2d979965edd35,loc_high,nsf_high
a606cb5839044f8e4b18ebe45b0230e65cd8c13b,loc_low,nsf_zero
e80e79c0770400ba71fa148aab6d71ba7ba3d39a,loc_low,nsf_zero
5f6e06bc987eb4fae50e68b78fce685007310dd8,loc_high,nsf_zero
2100fa0bf0bcf1d23c090649f1fad21383d4fcf3,loc_high,nsf_low
67a7ec9212981832ac496365b7917a51665e21f6,loc_high,nsf_low
febdca6e0cd10f08a1392a884076501999dc3ac3,loc_high,nsf_zero
b4b2d7b89926495a169ed08065e537dc46dc05a8,loc_low,nsf_zero
82e98285a2c2328aa2313869c6e3c235559d5f64,loc_low,nsf_zero
b03d34b132100da5797a9ebfc31f240f14657c8a,loc_low,nsf_low
7f4aa13eb38cb9ac95ef1837eac8b991df2c8cba,loc_low,nsf_zero
1b7a51d444bc6f98627e27ecf70e8140eb657ae3,loc_high,nsf_zero
986026cf74fe7d7bffb714571c4e99084df0adb2,loc_high,nsf_zero
05192081b764985878414ab500477070983789c2,loc_high,nsf_low
e2cc51d8b28095d89bab1383b3da613cf0f19f0f,loc_low,nsf_low
bfc64116ba96cf22c0d8df1c667dc5e50541db8e,loc_high,nsf_zero
855db8a0cd038ca74faa675386e3ca9f87c85ad4,loc_low,nsf_low
83b6fef975f0338d56abc2d649b2d6f335ba60fb,loc_high,nsf_zero
d476677709ff627deb1766372e1b07ac0e7730ee,loc_low,nsf_low
73446425216e6138354490791d99180efe751a5f,loc_low,nsf_low
35304046e2f0ff3e22b9cb0de147fc52b071e9e7,loc_high,nsf_high
f68731b372d4826739104680088468974dc73f95,loc_high,nsf_zero
d8cb0effd89939b2ab8e291e2595c03a8f6b41dd,loc_high,nsf_zero
c186bbca42ba8f96560e9bc036cc5403f3b18ce0,loc_high,nsf_high
aed35cce65c5821dda14c17cdc2c1692f961b3b9,loc_low,nsf_low
2938369486b5644f97fd619d49b7464126b54412,loc_low,nsf_zero
d445ea30edd93d042d0b2b25931463eaec696db3,loc_low,nsf_zero
ef4c9b79fa622c1719e13bb71d21c47cb56881d7,loc_low,nsf_zero
facd29a43062c4c5dffac77323e682745ddd8216,loc_low,nsf_zero
a01f632ac3bdeaa55543f5e43f14eb9d4eac3531,loc_low,nsf_low
81116bf1b621ef326686969667bed6890bc5e0fa,loc_low,nsf_low
3dd3b38ea4527785c9f0d22de9d617654360fc08,loc_high,nsf_zero
214e68fa51d8aeca21a8bc39ddcd44aba3068440,loc_low,nsf_zero
89d9b273675dac37051380bdfaf65d611191dd37,loc_low,nsf_zero
048c2615da5977154684804d396e96c1ff677ff5,loc_high,nsf_zero
fec3316120a930f772cd71287f180d918b97f72d,loc_high,nsf_low
dceabb1947a64374bdbaa6975256d1157ecd77b9,loc_low,nsf_low
a3dfcde1f666f1b3238f050a875fd95a1d007732,loc_low,nsf_zero
7e5e0d8e753e2b0edd122d7f79ab8a9b70ecdd1b,loc_low,nsf_low
8c3b0ece875c528eefd09edc98df036e931c431a,loc_low,nsf_zero
70f53de6bce9cac6b63778b813cafe68bd21873c,loc_high,nsf_zero
6eb3d821474a7a2ec98af450609bb7c5f9bf07fa,loc_high,nsf_low
f588e7c09fbc8d55f623037843b3dd40716b7a22,loc_low,nsf_low
4a9b870cae26288c8c4f380acaa6d76fc27fc9d8,loc_high,nsf_high
e57a718f285660ea2908af4a9641d0cdefb9018b,loc_high,nsf_low
bbaab08a500182f19caac62c80f88ca710147789,loc_low,nsf_low
a5f2810a0b71f58f8eeb43ed39700839266de7cb,loc_low,nsf_low
913ea7647e12c4f1a30b69a622bd420e3f9f63c2,loc_low,nsf_zero
5d43e17ceeb53b7c848fddd887a53eb473555cb7,loc_low,nsf_low
5c3901950522adac02a4979d7d7c5e9f13883d07,loc_low,nsf_zero
eca3be0053c43b1d205b4b44de2edbe5e2b68193,loc_high,nsf_zero
ba6df0f9967a23d898eeeed15acdaba2c500c64c,loc_low,nsf_low
cb2844cbcce7cee7a23100a1af09950dd0f5aa47,loc_low,nsf_zero
38c0e837a2f141bdbcda66f0518fb52ef2cb1677,loc_high,nsf_low
18295cf3ab65f92faad91795ea17f031c2bfd151,loc_high,nsf_low
32779019fb03db6fd20fae1aceb2a91c0fb86547,loc_low,nsf_zero
2d2a96e5c03fc2ca5e4db07dc53953ea54a0eca2,loc_low,nsf_zero
a41674143ab3b5aef705045c5a737f259d7bf9a6,loc_low,nsf_low
8d93d517e8385fd654e7e4566e27d09d85a7bb50,loc_high,nsf_low
e565217c4303c431a63702df64a5aa90da4a0568,loc_low,nsf_zero
3b820d299060aa55f9dccf849195fc20714eaaac,loc_high,nsf_low
0098f47a656394eb594e1d5e786e677e24f53f0a,loc_low,nsf_zero
6de3d6185c19b963c8b0f18d32155a1988f70e95,loc_high,nsf_zero
9f596b6891e00fab6451e8532e3124c50bbfc61a,loc_low,nsf_zero
d84eb57f9fca600b5de583a16c0a56004aeb3d77,loc_high,nsf_zero
cdb5239d548247432ce4d8f629f2b5d24d0fdd96,loc_high,nsf_low
2f5754ba3d20fffd71050da4d0dfa0023f665bc9,loc_low,nsf_zero
081d7c65df991cc3ced424c634286016ee551e9a,loc_low,nsf_zero
6f86a7f0cb1b24010f8899fc2e62f1f6a774f06f,loc_low,nsf_low
a4ebf0f029429294bbe9094f0ad60de211782efc,loc_low,nsf_low
40d73907d01ddef15ab6f174e34fd9bf2772ab2a,loc_high,nsf_zero
15e3bfb3124e4cc4bf24fcc8461135a47fecc9fa,loc_low,nsf_zero
eac6c513175a5264cd8eea4cdfc4b97634c5c5e5,loc_low,nsf_low
30f911fef831d70f03b482b86daaf88131126295,loc_low,nsf_zero
2615dfa806db09528c3e8f5ef91e352d7985537c,loc_low,nsf_low
7420c4e102717a9270f06488f1f42036ecd36945,loc_low,nsf_low
7ab6942c7f664a402b81f404d5126e2a8722c186,loc_low,nsf_low
e49c9132f20dac7aaa17e536102b757400ef4ac0,loc_low,nsf_zero
eea59f4d33d971749cad162dc7fbf6de08546db5,loc_low,nsf_low
b2b93e5403ab42fe6c36c2157b42c27b73baea3c,loc_low,nsf_low
96181d6f3f1b5c2069914dbf5c891fb082fd1e6b,loc_high,nsf_zero
8b5b1db92480ecdbe2eaac6b5ed9eccc2a3aac50,loc_high,nsf_zero
e2975b8582a0c593482e6b268ffb1fea38a6fb07,loc_low,nsf_low
77ab16c4f526d603d053dd762e7c4df26b0722c4,loc_low,nsf_zero
f10cd7ba72dea11a4fbe6dd32f673bf7a6f76072,loc_high,nsf_low
afe9e0129de77bc9d1f2891ba798e0cf19e766a0,loc_low,nsf_low
114c0c00e14d776bdddc094bf2ae7dcd6ca66ac2,loc_high,nsf_low
e36fbda0d834ed15e7c0d5e6b2e10a487f5dcec2,loc_low,nsf_zero
04341025c4a1fcb3c1acebcc7c4874cdc2f175fe,loc_low,nsf_low
335765d41c7f5f4460b08fc4b17568825f5d0327,loc_high,nsf_low
c5649112c6e48bf8aaff5082de01e5c7ddc47427,loc_low,nsf_zero
e40206e3b686ef7ac85aca07d6cb4a4cbe0ce7e1,loc_high,nsf_low
afabcb6d319c0beff57aeb5f74a12d8887d7c2ff,loc_low,nsf_zero
efdcddafbc5a5f1ddf98181f5234fb8897ab5694,loc_high,nsf_zero
81186d894763c2ffa31554e34c457a00f1463eda,loc_low,nsf_zero
c947a4443f5be0c24494c8733506391619296916,loc_high,nsf_low
3c4abb709f59611cf22d7e429e86ebfa15d50fe7,loc_high,nsf_zero
d2a34d62a321a0595044dbd00d31538c19da0823,loc_high,nsf_low
0468502ff794e1b03bd4c2a58e6de82de0e2e760,loc_low,nsf_low
97404b38e2ffdcbbc8a0c622159f098be0df9645,loc_low,nsf_high
e60310449b2db275a348f83df403d959e7f07979,loc_low,nsf_low
c5bf7d0e42d946776079e5605b76649aa64fa7e7,loc_high,nsf_zero
5fcffbfbecb1c53fa395a8ec20b1698d449c1991,loc_low,nsf_high
a3833abe4b716003b2ea6baf4035b219bb0c63b0,loc_high,nsf_zero
14ce6bebdbc6275ebf10ffb28a8e54c812aa4ab3,loc_low,nsf_zero
2ed97daa17b04fc3ccd2bfff0a461b716121d5c3,loc_high,nsf_low
24605ece26e1394da2a43681cc2052f42a179656,loc_low,nsf_low
f505b6c3649f68a3910b5afb6dc82928743d9290,loc_low,nsf_zero
f4ec946bb9f1e1c531dbd946079d7e14efc8000b,loc_low,nsf_zero
cc55b6f866498b01b6957014f82e2cec3347f7fa,loc_low,nsf_low
7970bdd0dc9eee65c0e1bf79607a49782eb4c213,loc_low,nsf_low
ec88c703f8737e5884c4a937b34e49fc6aef1611,loc_low,nsf_zero
a93731358d421360f2b9454401605f09ebd261b2,loc_high,nsf_low
5290ba152ff28054c3d36d1a3380f7d69c856c75,loc_high,nsf_zero
1a3b2d7b3a6ece03ec9db59ba9385a7199cace1b,loc_low,nsf_zero
0b0eb41a2e416dd93cf156632edab78e7227fab6,loc_low,nsf_zero
8ac7776547858abdceb1e0b055d762870adcc23a,loc_low,nsf_zero
ce0f7ccdb51b4a6800adab9c0668907d4665401d,loc_low,nsf_zero
ef42f5525ff10a18c5509dce50754018de43f532,loc_high,nsf_zero
